[
  {
   "id": 191,
   "type": "message",
   "date": "2021-10-31T07:35:28",
   "date_unixtime": "1635658528",
   "from": "Ali",
   "from_id": "user254335708",
   "text": "השבוע נדבר על חברות. הינה השאלות להיום:",
   "text_entities": [
    {
     "type": "plain",
     "text": "השבוע נדבר על חברות. הינה השאלות להיום:"
    }
   ]
  },
  {
   "id": 192,
   "type": "message",
   "date": "2021-10-31T07:35:48",
   "date_unixtime": "1635658548",
   "from": "Ali",
   "from_id": "user254335708",
   "text": "מה זאת אומרת \"להיות חבר טוב\"?\nכמה חברים בן אדם צריך בחיים? למה?\n\nלדבר על כל נושא שבעולם - говорить обо всем на свете\nהרבה דברים משותפים - много общего\nלהשפיע לטובה - влиять в лучшую сторону\nלתת עצות - давать советы\nלתמוך ב - поддерживать",
   "text_entities": [
    {
     "type": "plain",
     "text": "מה זאת אומרת \"להיות חבר טוב\"?\nכמה חברים בן אדם צריך בחיים? למה?\n\nלדבר על כל נושא שבעולם - говорить обо всем на свете\nהרבה דברים משותפים - много общего\nלהשפיע לטובה - влиять в лучшую сторону\nלתת עצות - давать советы\nלתמוך ב - поддерживать"
    }
   ]
  },
  {
   "id": 193,
   "type": "message",
   "date": "2021-10-31T07:37:13",
   "date_unixtime": "1635658633",
   "from": "Ali",
   "from_id": "user254335708",
   "file": "voice_messages/audio_2@31-10-2021_07-37-13.ogg",
   "media_type": "voice_message",
   "mime_type": "audio/ogg",
   "duration_seconds": 20,
   "text": "",
   "text_entities": []
  },
  {
   "id": 194,
   "type": "message",
   "date": "2021-10-31T07:37:26",
   "date_unixtime": "1635658646",
   "from": "Ali",
   "from_id": "user254335708",
   "text": "Озвучка слов и вопросов ⬆️",
   "text_entities": [
    {
     "type": "plain",
     "text": "Озвучка слов и вопросов ⬆️"
    }
   ]
  },
  {
   "id": 195,
   "type": "message",
   "date": "2021-10-31T07:38:41",
   "date_unixtime": "1635658721",
   "from": "Ali",
   "from_id": "user254335708",
   "text": "Напоминаю, что сегодня нужно написать в чат развёрнутые ответы на эти вопросы, используя слова и выражения выше.\n\nבהצלחה 😊",
   "text_entities": [
    {
     "type": "plain",
     "text": "Напоминаю, что сегодня нужно написать в чат развёрнутые ответы на эти вопросы, используя слова и выражения выше.\n\nבהצלחה 😊"
    }
   ]
  },
  {
   "id": 196,
   "type": "service",
   "date": "2021-10-31T07:49:53",
   "date_unixtime": "1635659393",
   "actor": "Ali",
   "actor_id": "user254335708",
   "action": "pin_message",
   "message_id": 192,
   "text": "",
   "text_entities": []
  },
  {
   "id": 197,
   "type": "message",
   "date": "2021-10-31T07:58:26",
   "date_unixtime": "1635659906",
   "edited": "2021-11-01T12:09:57",
   "edited_unixtime": "1635761397",
   "from": "Ali",
   "from_id": "user254335708",
   "text": "❗️Первая встреча ноября в Zoom будет в воскресенье 07.11 в 19:00 по израильскому времени❗️\n\nהפגישה הראשונה ב-Zoom תהיה ב 07.11 ב-19:00",
   "text_entities": [
    {
     "type": "plain",
     "text": "❗️Первая встреча ноября в Zoom будет в воскресенье 07.11 в 19:00 по израильскому времени❗️\n\nהפגישה הראשונה ב-Zoom תהיה ב 07.11 ב-19:00"
    }
   ]
  },
  {
   "id": 198,
   "type": "service",
   "date": "2021-10-31T07:58:34",
   "date_unixtime": "1635659914",
   "actor": "Ali",
   "actor_id": "user254335708",
   "action": "pin_message",
   "message_id": 197,
   "text": "",
   "text_entities": []
  },
  {
   "id": 199,
   "type": "message",
   "date": "2021-10-31T10:23:03",
   "date_unixtime": "1635668583",
   "from": "Aleksandr",
   "from_id": "user1061019793",
   "text": "היי! שמי אלכס✋ אני גר בחיפה, עליתי מאוקראונה לפני שנתיים עם אישתי. עבדתי במיפל חולונות, ועכשיו אני עובד ב חברה אלקטרונית. למדתי בקורסי סוליד וורקס. אנחנו רוצים להתקרב למרקז הארצ בשנה הבאה. נראה כמו קורות חיים🙂 לפני שנה הגיע חתולה לדירה שלנו והיא עדיין גרה איתנו. אסמח להצתרף לקבוצה הזו, אני מקווה שהכל יסתדר.",
   "text_entities": [
    {
     "type": "plain",
     "text": "היי! שמי אלכס✋ אני גר בחיפה, עליתי מאוקראונה לפני שנתיים עם אישתי. עבדתי במיפל חולונות, ועכשיו אני עובד ב חברה אלקטרונית. למדתי בקורסי סוליד וורקס. אנחנו רוצים להתקרב למרקז הארצ בשנה הבאה. נראה כמו קורות חיים🙂 לפני שנה הגיע חתולה לדירה שלנו והיא עדיין גרה איתנו. אסמח להצתרף לקבוצה הזו, אני מקווה שהכל יסתדר."
    }
   ]
  },
  {
   "id": 200,
   "type": "message",
   "date": "2021-10-31T11:57:58",
   "date_unixtime": "1635674278",
   "from": "Marina",
   "from_id": "user712635517",
   "reply_to_message_id": 199,
   "text": "בצלחה, אלכס!",
   "text_entities": [
    {
     "type": "plain",
     "text": "בצלחה, אלכס!"
    }
   ]
  },
  {
   "id": 201,
   "type": "message",
   "date": "2021-10-31T12:10:42",
   "date_unixtime": "1635675042",
   "from": "Ali",
   "from_id": "user254335708",
   "reply_to_message_id": 199,
   "text": "נעים להכיר! אני מקווה שתהנה מהקבוצה שלנו☺️",
   "text_entities": [
    {
     "type": "plain",
     "text": "נעים להכיר! אני מקווה שתהנה מהקבוצה שלנו☺️"
    }
   ]
  },
  {
   "id": 202,
   "type": "message",
   "date": "2021-10-31T12:30:03",
   "date_unixtime": "1635676203",
   "from": "Aleksandr",
   "from_id": "user1061019793",
   "text": "תודה, תודה🙂",
   "text_entities": [
    {
     "type": "plain",
     "text": "תודה, תודה🙂"
    }
   ]
  },
  {
   "id": 203,
   "type": "message",
   "date": "2021-10-31T17:22:37",
   "date_unixtime": "1635693757",
   "from": "Yulia",
   "from_id": "user400676110",
   "text": [
    {
     "type": "bold",
     "text": "שלום"
    },
    ". ",
    {
     "type": "bold",
     "text": "״להיות"
    },
    " ",
    {
     "type": "bold",
     "text": "חבר"
    },
    " ",
    {
     "type": "bold",
     "text": "טוב״"
    },
    " ",
    {
     "type": "bold",
     "text": "בעיניי"
    },
    " ",
    {
     "type": "bold",
     "text": "זה"
    },
    " ",
    {
     "type": "bold",
     "text": "אומר"
    },
    " ",
    {
     "type": "bold",
     "text": "להיות"
    },
    " ",
    {
     "type": "bold",
     "text": "חבר"
    },
    " ",
    {
     "type": "bold",
     "text": "זורם"
    },
    "; ",
    {
     "type": "bold",
     "text": "עם"
    },
    " ",
    {
     "type": "bold",
     "text": "אותו"
    },
    " ",
    {
     "type": "bold",
     "text": "חוש"
    },
    " ",
    {
     "type": "bold",
     "text": "הומור"
    },
    " ",
    {
     "type": "bold",
     "text": "ולצחוק"
    },
    " ",
    {
     "type": "bold",
     "text": "על"
    },
    " ",
    {
     "type": "bold",
     "text": "אותם"
    },
    " ",
    {
     "type": "bold",
     "text": "בדיחות"
    },
    ":) ",
    {
     "type": "bold",
     "text": "להרגיש"
    },
    " ",
    {
     "type": "bold",
     "text": "את"
    },
    " ",
    {
     "type": "bold",
     "text": "עצמך"
    },
    " ",
    {
     "type": "bold",
     "text": "חופשי"
    },
    " ",
    {
     "type": "bold",
     "text": "בסביבו"
    },
    ", ",
    {
     "type": "bold",
     "text": "וגם"
    },
    " ",
    {
     "type": "bold",
     "text": "להתנהג"
    },
    " ",
    {
     "type": "bold",
     "text": "בלי"
    },
    " ",
    {
     "type": "bold",
     "text": "לחשוב"
    },
    " ",
    {
     "type": "bold",
     "text": "מה"
    },
    " ",
    {
     "type": "bold",
     "text": "הוא"
    },
    " ",
    {
     "type": "bold",
     "text": "יחשוב"
    },
    " ",
    {
     "type": "bold",
     "text": "עלך"
    },
    " ",
    {
     "type": "bold",
     "text": "כי"
    },
    " ",
    {
     "type": "bold",
     "text": "בכל"
    },
    " ",
    {
     "type": "bold",
     "text": "אופן"
    },
    " ",
    {
     "type": "bold",
     "text": "הוא"
    },
    " ",
    {
     "type": "bold",
     "text": "יבין"
    },
    " ",
    {
     "type": "bold",
     "text": "אותך"
    },
    " ",
    {
     "type": "bold",
     "text": "ובחיים"
    },
    " ",
    {
     "type": "bold",
     "text": "לא"
    },
    " ",
    {
     "type": "bold",
     "text": "יגנה"
    },
    ". ",
    {
     "type": "bold",
     "text": "עם"
    },
    " ",
    {
     "type": "bold",
     "text": "חבר"
    },
    " ",
    {
     "type": "bold",
     "text": "טוב"
    },
    " ",
    {
     "type": "bold",
     "text": "אתה"
    },
    " ",
    {
     "type": "bold",
     "text": "יכול"
    },
    " ",
    {
     "type": "bold",
     "text": "לדבר"
    },
    " ",
    {
     "type": "bold",
     "text": "על"
    },
    " ",
    {
     "type": "bold",
     "text": "כל"
    },
    " ",
    {
     "type": "bold",
     "text": "נושא"
    },
    " ",
    {
     "type": "bold",
     "text": "שבעולם"
    },
    ", ",
    {
     "type": "bold",
     "text": "וגם"
    },
    " ",
    {
     "type": "bold",
     "text": "אתה"
    },
    " ",
    {
     "type": "bold",
     "text": "יכול"
    },
    " ",
    {
     "type": "bold",
     "text": "לסמוך"
    },
    " ",
    {
     "type": "bold",
     "text": "עליו"
    },
    " ",
    {
     "type": "bold",
     "text": "ברגעים"
    },
    " ",
    {
     "type": "bold",
     "text": "הקשים"
    },
    " ",
    {
     "type": "bold",
     "text": "כי"
    },
    " ",
    {
     "type": "bold",
     "text": "הוא"
    },
    " ",
    {
     "type": "bold",
     "text": "יעזור"
    },
    " ",
    {
     "type": "bold",
     "text": "ויתמוך"
    },
    " ",
    {
     "type": "bold",
     "text": "בך"
    },
    " ",
    {
     "type": "bold",
     "text": "תמיד"
    },
    " (",
    {
     "type": "bold",
     "text": "או"
    },
    " ",
    {
     "type": "bold",
     "text": "שינסה"
    },
    " ",
    {
     "type": "bold",
     "text": "לעשות"
    },
    " ",
    {
     "type": "bold",
     "text": "בשבלך"
    },
    " ",
    {
     "type": "bold",
     "text": "הכל"
    },
    " ",
    {
     "type": "bold",
     "text": "מה"
    },
    " ",
    {
     "type": "bold",
     "text": "שביכולתו"
    },
    "). ",
    {
     "type": "bold",
     "text": "חבר"
    },
    " ",
    {
     "type": "bold",
     "text": "טוב"
    },
    " ",
    {
     "type": "bold",
     "text": "משפיע"
    },
    " ",
    {
     "type": "bold",
     "text": "עלך"
    },
    " ",
    {
     "type": "bold",
     "text": "רק"
    },
    " ",
    {
     "type": "bold",
     "text": "לטובה"
    },
    " ",
    {
     "type": "bold",
     "text": "ולא"
    },
    " ",
    {
     "type": "bold",
     "text": "יוצר"
    },
    " ",
    {
     "type": "bold",
     "text": "מגבלות"
    },
    ". ",
    {
     "type": "bold",
     "text": "לדעתי"
    },
    " ",
    {
     "type": "bold",
     "text": "בן"
    },
    " ",
    {
     "type": "bold",
     "text": "אדם"
    },
    " ",
    {
     "type": "bold",
     "text": "לא"
    },
    " ",
    {
     "type": "bold",
     "text": "צריך"
    },
    " ",
    {
     "type": "bold",
     "text": "הרבה"
    },
    " ",
    {
     "type": "bold",
     "text": "חברים"
    },
    " ",
    {
     "type": "bold",
     "text": "קרובים"
    },
    " ",
    {
     "type": "bold",
     "text": "בחיים"
    },
    ". ",
    {
     "type": "bold",
     "text": "אפילו"
    },
    " ",
    {
     "type": "bold",
     "text": "זה"
    },
    " ",
    {
     "type": "bold",
     "text": "בלתי"
    },
    " ",
    {
     "type": "bold",
     "text": "אפשרי"
    },
    " ",
    {
     "type": "bold",
     "text": "לשמור"
    },
    " ",
    {
     "type": "bold",
     "text": "קשרים"
    },
    " ",
    {
     "type": "bold",
     "text": "חזקים"
    },
    " ",
    {
     "type": "bold",
     "text": "עם"
    },
    " ",
    {
     "type": "bold",
     "text": "הרבה"
    },
    " ",
    {
     "type": "bold",
     "text": "אנשים"
    },
    ". ",
    {
     "type": "bold",
     "text": "כי"
    },
    " ",
    {
     "type": "bold",
     "text": "חברות"
    },
    " נדרשת מאמצים ומשאבים, השקעות משני צדדים- אני מתכוונת תשומת לב, פגישות ושיחות איכותיות, עזרה ותמיכה. \nאני חושבת שאי אפשר לספר הכל על עצמך ל10 חברים. אתה בוטח רק בכמה חברים (אחד, שניים או שלוש)."
   ],
   "text_entities": [
    {
     "type": "bold",
     "text": "שלום"
    },
    {
     "type": "plain",
     "text": ". "
    },
    {
     "type": "bold",
     "text": "״להיות"
    },
    {
     "type": "plain",
     "text": " "
    },
    {
     "type": "bold",
     "text": "חבר"
    },
    {
     "type": "plain",
     "text": " "
    },
    {
     "type": "bold",
     "text": "טוב״"
    },
    {
     "type": "plain",
     "text": " "
    },
    {
     "type": "bold",
     "text": "בעיניי"
    },
    {
     "type": "plain",
     "text": " "
    },
    {
     "type": "bold",
     "text": "זה"
    },
    {
     "type": "plain",
     "text": " "
    },
    {
     "type": "bold",
     "text": "אומר"
    },
    {
     "type": "plain",
     "text": " "
    },
    {
     "type": "bold",
     "text": "להיות"
    },
    {
     "type": "plain",
     "text": " "
    },
    {
     "type": "bold",
     "text": "חבר"
    },
    {
     "type": "plain",
     "text": " "
    },
    {
     "type": "bold",
     "text": "זורם"
    },
    {
     "type": "plain",
     "text": "; "
    },
    {
     "type": "bold",
     "text": "עם"
    },
    {
     "type": "plain",
     "text": " "
    },
    {
     "type": "bold",
     "text": "אותו"
    },
    {
     "type": "plain",
     "text": " "
    },
    {
     "type": "bold",
     "text": "חוש"
    },
    {
     "type": "plain",
     "text": " "
    },
    {
     "type": "bold",
     "text": "הומור"
    },
    {
     "type": "plain",
     "text": " "
    },
    {
     "type": "bold",
     "text": "ולצחוק"
    },
    {
     "type": "plain",
     "text": " "
    },
    {
     "type": "bold",
     "text": "על"
    },
    {
     "type": "plain",
     "text": " "
    },
    {
     "type": "bold",
     "text": "אותם"
    },
    {
     "type": "plain",
     "text": " "
    },
    {
     "type": "bold",
     "text": "בדיחות"
    },
    {
     "type": "plain",
     "text": ":) "
    },
    {
     "type": "bold",
     "text": "להרגיש"
    },
    {
     "type": "plain",
     "text": " "
    },
    {
     "type": "bold",
     "text": "את"
    },
    {
     "type": "plain",
     "text": " "
    },
    {
     "type": "bold",
     "text": "עצמך"
    },
    {
     "type": "plain",
     "text": " "
    },
    {
     "type": "bold",
     "text": "חופשי"
    },
    {
     "type": "plain",
     "text": " "
    },
    {
     "type": "bold",
     "text": "בסביבו"
    },
    {
     "type": "plain",
     "text": ", "
    },
    {
     "type": "bold",
     "text": "וגם"
    },
    {
     "type": "plain",
     "text": " "
    },
    {
     "type": "bold",
     "text": "להתנהג"
    },
    {
     "type": "plain",
     "text": " "
    },
    {
     "type": "bold",
     "text": "בלי"
    },
    {
     "type": "plain",
     "text": " "
    },
    {
     "type": "bold",
     "text": "לחשוב"
    },
    {
     "type": "plain",
     "text": " "
    },
    {
     "type": "bold",
     "text": "מה"
    },
    {
     "type": "plain",
     "text": " "
    },
    {
     "type": "bold",
     "text": "הוא"
    },
    {
     "type": "plain",
     "text": " "
    },
    {
     "type": "bold",
     "text": "יחשוב"
    },
    {
     "type": "plain",
     "text": " "
    },
    {
     "type": "bold",
     "text": "עלך"
    },
    {
     "type": "plain",
     "text": " "
    },
    {
     "type": "bold",
     "text": "כי"
    },
    {
     "type": "plain",
     "text": " "
    },
    {
     "type": "bold",
     "text": "בכל"
    },
    {
     "type": "plain",
     "text": " "
    },
    {
     "type": "bold",
     "text": "אופן"
    },
    {
     "type": "plain",
     "text": " "
    },
    {
     "type": "bold",
     "text": "הוא"
    },
    {
     "type": "plain",
     "text": " "
    },
    {
     "type": "bold",
     "text": "יבין"
    },
    {
     "type": "plain",
     "text": " "
    },
    {
     "type": "bold",
     "text": "אותך"
    },
    {
     "type": "plain",
     "text": " "
    },
    {
     "type": "bold",
     "text": "ובחיים"
    },
    {
     "type": "plain",
     "text": " "
    },
    {
     "type": "bold",
     "text": "לא"
    },
    {
     "type": "plain",
     "text": " "
    },
    {
     "type": "bold",
     "text": "יגנה"
    },
    {
     "type": "plain",
     "text": ". "
    },
    {
     "type": "bold",
     "text": "עם"
    },
    {
     "type": "plain",
     "text": " "
    },
    {
     "type": "bold",
     "text": "חבר"
    },
    {
     "type": "plain",
     "text": " "
    },
    {
     "type": "bold",
     "text": "טוב"
    },
    {
     "type": "plain",
     "text": " "
    },
    {
     "type": "bold",
     "text": "אתה"
    },
    {
     "type": "plain",
     "text": " "
    },
    {
     "type": "bold",
     "text": "יכול"
    },
    {
     "type": "plain",
     "text": " "
    },
    {
     "type": "bold",
     "text": "לדבר"
    },
    {
     "type": "plain",
     "text": " "
    },
    {
     "type": "bold",
     "text": "על"
    },
    {
     "type": "plain",
     "text": " "
    },
    {
     "type": "bold",
     "text": "כל"
    },
    {
     "type": "plain",
     "text": " "
    },
    {
     "type": "bold",
     "text": "נושא"
    },
    {
     "type": "plain",
     "text": " "
    },
    {
     "type": "bold",
     "text": "שבעולם"
    },
    {
     "type": "plain",
     "text": ", "
    },
    {
     "type": "bold",
     "text": "וגם"
    },
    {
     "type": "plain",
     "text": " "
    },
    {
     "type": "bold",
     "text": "אתה"
    },
    {
     "type": "plain",
     "text": " "
    },
    {
     "type": "bold",
     "text": "יכול"
    },
    {
     "type": "plain",
     "text": " "
    },
    {
     "type": "bold",
     "text": "לסמוך"
    },
    {
     "type": "plain",
     "text": " "
    },
    {
     "type": "bold",
     "text": "עליו"
    },
    {
     "type": "plain",
     "text": " "
    },
    {
     "type": "bold",
     "text": "ברגעים"
    },
    {
     "type": "plain",
     "text": " "
    },
    {
     "type": "bold",
     "text": "הקשים"
    },
    {
     "type": "plain",
     "text": " "
    },
    {
     "type": "bold",
     "text": "כי"
    },
    {
     "type": "plain",
     "text": " "
    },
    {
     "type": "bold",
     "text": "הוא"
    },
    {
     "type": "plain",
     "text": " "
    },
    {
     "type": "bold",
     "text": "יעזור"
    },
    {
     "type": "plain",
     "text": " "
    },
    {
     "type": "bold",
     "text": "ויתמוך"
    },
    {
     "type": "plain",
     "text": " "
    },
    {
     "type": "bold",
     "text": "בך"
    },
    {
     "type": "plain",
     "text": " "
    },
    {
     "type": "bold",
     "text": "תמיד"
    },
    {
     "type": "plain",
     "text": " ("
    },
    {
     "type": "bold",
     "text": "או"
    },
    {
     "type": "plain",
     "text": " "
    },
    {
     "type": "bold",
     "text": "שינסה"
    },
    {
     "type": "plain",
     "text": " "
    },
    {
     "type": "bold",
     "text": "לעשות"
    },
    {
     "type": "plain",
     "text": " "
    },
    {
     "type": "bold",
     "text": "בשבלך"
    },
    {
     "type": "plain",
     "text": " "
    },
    {
     "type": "bold",
     "text": "הכל"
    },
    {
     "type": "plain",
     "text": " "
    },
    {
     "type": "bold",
     "text": "מה"
    },
    {
     "type": "plain",
     "text": " "
    },
    {
     "type": "bold",
     "text": "שביכולתו"
    },
    {
     "type": "plain",
     "text": "). "
    },
    {
     "type": "bold",
     "text": "חבר"
    },
    {
     "type": "plain",
     "text": " "
    },
    {
     "type": "bold",
     "text": "טוב"
    },
    {
     "type": "plain",
     "text": " "
    },
    {
     "type": "bold",
     "text": "משפיע"
    },
    {
     "type": "plain",
     "text": " "
    },
    {
     "type": "bold",
     "text": "עלך"
    },
    {
     "type": "plain",
     "text": " "
    },
    {
     "type": "bold",
     "text": "רק"
    },
    {
     "type": "plain",
     "text": " "
    },
    {
     "type": "bold",
     "text": "לטובה"
    },
    {
     "type": "plain",
     "text": " "
    },
    {
     "type": "bold",
     "text": "ולא"
    },
    {
     "type": "plain",
     "text": " "
    },
    {
     "type": "bold",
     "text": "יוצר"
    },
    {
     "type": "plain",
     "text": " "
    },
    {
     "type": "bold",
     "text": "מגבלות"
    },
    {
     "type": "plain",
     "text": ". "
    },
    {
     "type": "bold",
     "text": "לדעתי"
    },
    {
     "type": "plain",
     "text": " "
    },
    {
     "type": "bold",
     "text": "בן"
    },
    {
     "type": "plain",
     "text": " "
    },
    {
     "type": "bold",
     "text": "אדם"
    },
    {
     "type": "plain",
     "text": " "
    },
    {
     "type": "bold",
     "text": "לא"
    },
    {
     "type": "plain",
     "text": " "
    },
    {
     "type": "bold",
     "text": "צריך"
    },
    {
     "type": "plain",
     "text": " "
    },
    {
     "type": "bold",
     "text": "הרבה"
    },
    {
     "type": "plain",
     "text": " "
    },
    {
     "type": "bold",
     "text": "חברים"
    },
    {
     "type": "plain",
     "text": " "
    },
    {
     "type": "bold",
     "text": "קרובים"
    },
    {
     "type": "plain",
     "text": " "
    },
    {
     "type": "bold",
     "text": "בחיים"
    },
    {
     "type": "plain",
     "text": ". "
    },
    {
     "type": "bold",
     "text": "אפילו"
    },
    {
     "type": "plain",
     "text": " "
    },
    {
     "type": "bold",
     "text": "זה"
    },
    {
     "type": "plain",
     "text": " "
    },
    {
     "type": "bold",
     "text": "בלתי"
    },
    {
     "type": "plain",
     "text": " "
    },
    {
     "type": "bold",
     "text": "אפשרי"
    },
    {
     "type": "plain",
     "text": " "
    },
    {
     "type": "bold",
     "text": "לשמור"
    },
    {
     "type": "plain",
     "text": " "
    },
    {
     "type": "bold",
     "text": "קשרים"
    },
    {
     "type": "plain",
     "text": " "
    },
    {
     "type": "bold",
     "text": "חזקים"
    },
    {
     "type": "plain",
     "text": " "
    },
    {
     "type": "bold",
     "text": "עם"
    },
    {
     "type": "plain",
     "text": " "
    },
    {
     "type": "bold",
     "text": "הרבה"
    },
    {
     "type": "plain",
     "text": " "
    },
    {
     "type": "bold",
     "text": "אנשים"
    },
    {
     "type": "plain",
     "text": ". "
    },
    {
     "type": "bold",
     "text": "כי"
    },
    {
     "type": "plain",
     "text": " "
    },
    {
     "type": "bold",
     "text": "חברות"
    },
    {
     "type": "plain",
     "text": " נדרשת מאמצים ומשאבים, השקעות משני צדדים- אני מתכוונת תשומת לב, פגישות ושיחות איכותיות, עזרה ותמיכה. \nאני חושבת שאי אפשר לספר הכל על עצמך ל10 חברים. אתה בוטח רק בכמה חברים (אחד, שניים או שלוש)."
    }
   ]
  },
  {
   "id": 204,
   "type": "message",
   "date": "2021-10-31T17:42:20",
   "date_unixtime": "1635694940",
   "from": "Ali",
   "from_id": "user254335708",
   "reply_to_message_id": 203,
   "text": "ואו, יוליה, תיארת חבר מושלם! מסכימה איתך שחשוב מאוד לצחוק מאותן בדיחות או על אותם דברים 🤗",
   "text_entities": [
    {
     "type": "plain",
     "text": "ואו, יוליה, תיארת חבר מושלם! מסכימה איתך שחשוב מאוד לצחוק מאותן בדיחות או על אותם דברים 🤗"
    }
   ]
  },
  {
   "id": 205,
   "type": "message",
   "date": "2021-10-31T17:54:36",
   "date_unixtime": "1635695676",
   "from": "Yulia",
   "from_id": "user400676110",
   "reply_to_message_id": 204,
   "text": "חחח. כן. לא חבר טוב אלא מושלם🤪 אפילו",
   "text_entities": [
    {
     "type": "plain",
     "text": "חחח. כן. לא חבר טוב אלא מושלם🤪 אפילו"
    }
   ]
  },
  {
   "id": 206,
   "type": "message",
   "date": "2021-10-31T20:21:15",
   "date_unixtime": "1635704475",
   "from": "Aleksandr",
   "from_id": "user1061019793",
   "text": "לכל האנאשים חשוב מאוד שיהיו להם חבר או חברים. אפשר לדבר על כל נושא שבעולם, לדון ב מצבים שונים - גם שמחה, וגם אפוח. חברים - זו אנאשים, שכרגיל יש להם הרבה דברים משותפים, ולפעמימ הם לא משתמשים את המילות כדי להבין אחד לאחר. חבר להשפיע לטובה באופן קבוע, אבל לפעמימ זה לא כחה. כולם אוהבים לתת עצות, אבל רק חבר יכול לתת עצות נכונות. אני מנסה לתמוך בחברים שלי, כחה אנחנו חיים.",
   "text_entities": [
    {
     "type": "plain",
     "text": "לכל האנאשים חשוב מאוד שיהיו להם חבר או חברים. אפשר לדבר על כל נושא שבעולם, לדון ב מצבים שונים - גם שמחה, וגם אפוח. חברים - זו אנאשים, שכרגיל יש להם הרבה דברים משותפים, ולפעמימ הם לא משתמשים את המילות כדי להבין אחד לאחר. חבר להשפיע לטובה באופן קבוע, אבל לפעמימ זה לא כחה. כולם אוהבים לתת עצות, אבל רק חבר יכול לתת עצות נכונות. אני מנסה לתמוך בחברים שלי, כחה אנחנו חיים."
    }
   ]
  },
  {
   "id": 207,
   "type": "message",
   "date": "2021-10-31T20:32:32",
   "date_unixtime": "1635705152",
   "from": "Ali",
   "from_id": "user254335708",
   "reply_to_message_id": 206,
   "text": "הכי כיף שלא צריך להשתמש במילים כדי להבין אחד את השני! 🤗",
   "text_entities": [
    {
     "type": "plain",
     "text": "הכי כיף שלא צריך להשתמש במילים כדי להבין אחד את השני! 🤗"
    }
   ]
  },
  {
   "id": 208,
   "type": "message",
   "date": "2021-10-31T20:38:15",
   "date_unixtime": "1635705495",
   "from": "Aleksandr",
   "from_id": "user1061019793",
   "text": "אחד לאחר - זה לא נכון?",
   "text_entities": [
    {
     "type": "plain",
     "text": "אחד לאחר - זה לא נכון?"
    }
   ]
  },
  {
   "id": 209,
   "type": "message",
   "date": "2021-10-31T20:43:13",
   "date_unixtime": "1635705793",
   "from": "Alona",
   "from_id": "user1519857270",
   "text": "לא משתמשים במילים כדי להבין אחד את השני.",
   "text_entities": [
    {
     "type": "plain",
     "text": "לא משתמשים במילים כדי להבין אחד את השני."
    }
   ]
  },
  {
   "id": 210,
   "type": "message",
   "date": "2021-10-31T20:44:51",
   "date_unixtime": "1635705891",
   "edited": "2021-10-31T22:22:04",
   "edited_unixtime": "1635711724",
   "from": "Aleksandr",
   "from_id": "user1061019793",
   "text": "אוקי, אני מיבין, תודה🙂",
   "text_entities": [
    {
     "type": "plain",
     "text": "אוקי, אני מיבין, תודה🙂"
    }
   ]
  },
  {
   "id": 211,
   "type": "message",
   "date": "2021-10-31T20:54:31",
   "date_unixtime": "1635706471",
   "from": "Hanna",
   "from_id": "user430547152",
   "reply_to_message_id": 192,
   "text": "אני חושבת שחבר טוב זה יש שאוהב אותך בלב ועושה דברים  טוב בשבילה . וגם זה איש שלשמוע  אותך. חבר טוב לתת עצות בזמן חשוב מאוד.",
   "text_entities": [
    {
     "type": "plain",
     "text": "אני חושבת שחבר טוב זה יש שאוהב אותך בלב ועושה דברים  טוב בשבילה . וגם זה איש שלשמוע  אותך. חבר טוב לתת עצות בזמן חשוב מאוד."
    }
   ]
  },
  {
   "id": 212,
   "type": "message",
   "date": "2021-10-31T20:56:16",
   "date_unixtime": "1635706576",
   "from": "Hanna",
   "from_id": "user430547152",
   "text": "אני רוצה להיות חברה טובה לכן אני לתמוך חברים שלי ויש לנו הרבה דברים משותפים.",
   "text_entities": [
    {
     "type": "plain",
     "text": "אני רוצה להיות חברה טובה לכן אני לתמוך חברים שלי ויש לנו הרבה דברים משותפים."
    }
   ]
  },
  {
   "id": 213,
   "type": "message",
   "date": "2021-10-31T21:21:21",
   "date_unixtime": "1635708081",
   "from": "Pavel",
   "from_id": "user690868077",
   "text": "מי זה חבר טוב? הוא בן אדם קרוב לנפש שלך. אתה יכול לדבר על כל נושא שבעולם, או לא לדבר, אבל אתה יודה שביניכם יש ארבה דברים משותפים. חבר טוב יכול לתת עצות, לאזור, לשמור. \nכמה חברים בן אדם צריך בחיים. \"בן אדם בנה חומה מחברים הוא בלתי פגיע\". אבל אני חושב שמספיק חמש או שש חברים קרובים.",
   "text_entities": [
    {
     "type": "plain",
     "text": "מי זה חבר טוב? הוא בן אדם קרוב לנפש שלך. אתה יכול לדבר על כל נושא שבעולם, או לא לדבר, אבל אתה יודה שביניכם יש ארבה דברים משותפים. חבר טוב יכול לתת עצות, לאזור, לשמור. \nכמה חברים בן אדם צריך בחיים. \"בן אדם בנה חומה מחברים הוא בלתי פגיע\". אבל אני חושב שמספיק חמש או שש חברים קרובים."
    }
   ]
  },
  {
   "id": 215,
   "type": "message",
   "date": "2021-10-31T21:36:48",
   "date_unixtime": "1635709008",
   "from": "YanaTevStylist",
   "from_id": "user699069378",
   "text": "היי לכולם! בשבילי \"להיות חבר טוב\" - זה להאמין אחד בשני, לתמוך בשניות קשות,  להיות מעוניינת בהצלחה של חבר ואם חבר מבקש  עצותך, לתת לו עצות, לפעמים לא מה שהוא רוצה לשמוע, אלא  משמשפיע לטובה. עם חבר טוב אפשר לדבר על כול נושא שבעולם ויש גם הרבה דברים משותפים בלי לדבר כול הזמן☺️ חבר הכי טוב שלי - בעלי.",
   "text_entities": [
    {
     "type": "plain",
     "text": "היי לכולם! בשבילי \"להיות חבר טוב\" - זה להאמין אחד בשני, לתמוך בשניות קשות,  להיות מעוניינת בהצלחה של חבר ואם חבר מבקש  עצותך, לתת לו עצות, לפעמים לא מה שהוא רוצה לשמוע, אלא  משמשפיע לטובה. עם חבר טוב אפשר לדבר על כול נושא שבעולם ויש גם הרבה דברים משותפים בלי לדבר כול הזמן☺️ חבר הכי טוב שלי - בעלי."
    }
   ]
  },
  {
   "id": 216,
   "type": "message",
   "date": "2021-10-31T22:09:35",
   "date_unixtime": "1635710975",
   "from": "Alona",
   "from_id": "user1519857270",
   "text": "כמה חברים בן אדם צריך בחיים:\nשאלה רטורית והכל אינדיבידואלי. טוב לדבר על כל נושא בעולם  אבל עם אחד אני יכולה לדבר על פוליטיקה ועם השני על אופנה... יש דברים משותפים ואין אבל זה לא מפריע.  פשוט נהנה להיות חברים ולתמוך אחד בשני.",
   "text_entities": [
    {
     "type": "plain",
     "text": "כמה חברים בן אדם צריך בחיים:\nשאלה רטורית והכל אינדיבידואלי. טוב לדבר על כל נושא בעולם  אבל עם אחד אני יכולה לדבר על פוליטיקה ועם השני על אופנה... יש דברים משותפים ואין אבל זה לא מפריע.  פשוט נהנה להיות חברים ולתמוך אחד בשני."
    }
   ]
  },
  {
   "id": 217,
   "type": "message",
   "date": "2021-10-31T22:50:12",
   "date_unixtime": "1635713412",
   "from": "Mary M",
   "from_id": "user1670230830",
   "reply_to_message_id": 192,
   "text": "אני חושבת ש\"להיות חבר טוב\" זאת אומרת לתמוך בחבר שלך בשעת הדחק ולשמוח כשיש משהו טוב. \nלדעתי בדרך כלל לבן אדם יש אחדים חברים בחיים. איתם אפשר לדבר על כל נושא שבעולם ויש הרבה דברים משותפים.",
   "text_entities": [
    {
     "type": "plain",
     "text": "אני חושבת ש\"להיות חבר טוב\" זאת אומרת לתמוך בחבר שלך בשעת הדחק ולשמוח כשיש משהו טוב. \nלדעתי בדרך כלל לבן אדם יש אחדים חברים בחיים. איתם אפשר לדבר על כל נושא שבעולם ויש הרבה דברים משותפים."
    }
   ]
  },
  {
   "id": 218,
   "type": "message",
   "date": "2021-10-31T23:23:18",
   "date_unixtime": "1635715398",
   "from": "Наталья Григорович",
   "from_id": "user389034725",
   "text": "להיות חבר טוב בשבילי זא אומר  להיות על אותו אורך גל ויש להם הרבה דברים משותפים, להיות בעל השקפות דומות על החיים.\n  החבר הכי טוב שלך יכול לתמוך  בכל מצב, אפילו רק להיות בסביבה, לתת  עצות הנכונות.\n  איתו אפשר   לדבר על כל נושא שבעולם , במיוחד בשלוש בלילה  למצוא במקום זר)",
   "text_entities": [
    {
     "type": "plain",
     "text": "להיות חבר טוב בשבילי זא אומר  להיות על אותו אורך גל ויש להם הרבה דברים משותפים, להיות בעל השקפות דומות על החיים.\n  החבר הכי טוב שלך יכול לתמוך  בכל מצב, אפילו רק להיות בסביבה, לתת  עצות הנכונות.\n  איתו אפשר   לדבר על כל נושא שבעולם , במיוחד בשלוש בלילה  למצוא במקום זר)"
    }
   ]
  },
  {
   "id": 219,
   "type": "message",
   "date": "2021-11-01T07:27:05",
   "date_unixtime": "1635744425",
   "from": "Anna V",
   "from_id": "user129740878",
   "text": "חברותיות בדרך כלל זה קשר שגדל מארות משותף. למשל  יש תמיד חברותיות אחרי למודה או עבודה. אז יש בהתחלה המון נושאים משותפים. \nגם בזמן פנוי אתם מדברים על כל נושא שבעולם.\nאחרי 10 שנים יכול חיות ש אווירה מסביב משתנה.  אבל אתם עדיין ביחד ומשתדלים להשפיע לטובה זה על זה, לתמוך בימים לא פשוטים. אבל אני חושבת שפול לתת עצות לא טוב, אולי לבדוק כל אופציות במצב ביחד, אבל בלי עצות:)",
   "text_entities": [
    {
     "type": "plain",
     "text": "חברותיות בדרך כלל זה קשר שגדל מארות משותף. למשל  יש תמיד חברותיות אחרי למודה או עבודה. אז יש בהתחלה המון נושאים משותפים. \nגם בזמן פנוי אתם מדברים על כל נושא שבעולם.\nאחרי 10 שנים יכול חיות ש אווירה מסביב משתנה.  אבל אתם עדיין ביחד ומשתדלים להשפיע לטובה זה על זה, לתמוך בימים לא פשוטים. אבל אני חושבת שפול לתת עצות לא טוב, אולי לבדוק כל אופציות במצב ביחד, אבל בלי עצות:)"
    }
   ]
  },
  {
   "id": 220,
   "type": "message",
   "date": "2021-11-01T10:15:33",
   "date_unixtime": "1635754533",
   "from": "Ali",
   "from_id": "user254335708",
   "text": "בוקר טוב לכולם🤗. עכשיו אני מציעה לכם למצוא טעויות במשפטים מההודעות שכתבתם מקודם או למצוא מילים יותר מדויקות להגיד משהו:\n\n1.לצחוק על אותם בדיחות\n2.משתמשים את המילות כדי להבין אחד לאחר\n3.אני לתמוך חברים שלי\n4.מספיק חמש או שש חברים\n5.חבר טוב לתת עצות\n6.להיות על אותו אורך גל",
   "text_entities": [
    {
     "type": "plain",
     "text": "בוקר טוב לכולם🤗. עכשיו אני מציעה לכם למצוא טעויות במשפטים מההודעות שכתבתם מקודם או למצוא מילים יותר מדויקות להגיד משהו:\n\n1.לצחוק על אותם בדיחות\n2.משתמשים את המילות כדי להבין אחד לאחר\n3.אני לתמוך חברים שלי\n4.מספיק חמש או שש חברים\n5.חבר טוב לתת עצות\n6.להיות על אותו אורך גל"
    }
   ]
  },
  {
   "id": 221,
   "type": "message",
   "date": "2021-11-01T10:17:13",
   "date_unixtime": "1635754633",
   "from": "Pavel",
   "from_id": "user690868077",
   "text": "5. חבר טוב נותן עצות?",
   "text_entities": [
    {
     "type": "plain",
     "text": "5. חבר טוב נותן עצות?"
    }
   ]
  },
  {
   "id": 223,
   "type": "message",
   "date": "2021-11-01T10:17:30",
   "date_unixtime": "1635754650",
   "from": "Ali",
   "from_id": "user254335708",
   "reply_to_message_id": 221,
   "text": "👍👍",
   "text_entities": [
    {
     "type": "plain",
     "text": "👍👍"
    }
   ]
  },
  {
   "id": 224,
   "type": "message",
   "date": "2021-11-01T10:18:20",
   "date_unixtime": "1635754700",
   "from": "Pavel",
   "from_id": "user690868077",
   "text": "4. מספיק להיות 5 או 6 חברים ?",
   "text_entities": [
    {
     "type": "plain",
     "text": "4. מספיק להיות 5 או 6 חברים ?"
    }
   ]
  },
  {
   "id": 225,
   "type": "message",
   "date": "2021-11-01T10:18:37",
   "date_unixtime": "1635754717",
   "from": "Yulia",
   "from_id": "user400676110",
   "text": "הי \n1. לצחוק על אותן בדיחות\n2. משתמשים במילים כדי להבין אחד את השני\n3. אני תומך בחברים\n4. מספיק חמשה או שישה חברים\n5.חבר טוב נותן עצות\n6. 🤷🏼‍♀️",
   "text_entities": [
    {
     "type": "plain",
     "text": "הי \n1. לצחוק על אותן בדיחות\n2. משתמשים במילים כדי להבין אחד את השני\n3. אני תומך בחברים\n4. מספיק חמשה או שישה חברים\n5.חבר טוב נותן עצות\n6. 🤷🏼‍♀️"
    }
   ]
  },
  {
   "id": 226,
   "type": "message",
   "date": "2021-11-01T10:30:13",
   "date_unixtime": "1635755413",
   "from": "Alona",
   "from_id": "user1519857270",
   "text": "6. אנחנו באותו ראש",
   "text_entities": [
    {
     "type": "plain",
     "text": "6. אנחנו באותו ראש"
    }
   ]
  },
  {
   "id": 227,
   "type": "message",
   "date": "2021-11-01T10:32:05",
   "date_unixtime": "1635755525",
   "from": "Yulia",
   "from_id": "user400676110",
   "text": "מה זה אותו אורך גל?  הכוונה להיות באותו Wave? קראתי שאותה משמעות לביטוי ״על אותו דף״.",
   "text_entities": [
    {
     "type": "plain",
     "text": "מה זה אותו אורך גל?  הכוונה להיות באותו Wave? קראתי שאותה משמעות לביטוי ״על אותו דף״."
    }
   ]
  },
  {
   "id": 228,
   "type": "message",
   "date": "2021-11-01T10:47:05",
   "date_unixtime": "1635756425",
   "from": "ELENA Ivanov",
   "from_id": "user859352204",
   "text": "1. לצחוק מאותן בדיחות",
   "text_entities": [
    {
     "type": "plain",
     "text": "1. לצחוק מאותן בדיחות"
    }
   ]
  },
  {
   "id": 229,
   "type": "message",
   "date": "2021-11-01T11:32:05",
   "date_unixtime": "1635759125",
   "from": "Ali",
   "from_id": "user254335708",
   "reply_to_message_id": 226,
   "text": "נכווון 🥳",
   "text_entities": [
    {
     "type": "plain",
     "text": "נכווון 🥳"
    }
   ]
  },
  {
   "id": 230,
   "type": "message",
   "date": "2021-11-01T11:38:52",
   "date_unixtime": "1635759532",
   "from": "Ali",
   "from_id": "user254335708",
   "reply_to_message_id": 227,
   "text": "Быть на одной волне הכוונה היא\n\nלהיות על אותו גל זה מאנגלית be on the same page\n\n⬆️ обычно имеется в виду какой-то конкретный вопрос, по которому вы с кем-то согласны\n\nלהיות באותו ראש - быть на одной волне, более общее понятие",
   "text_entities": [
    {
     "type": "plain",
     "text": "Быть на одной волне הכוונה היא\n\nלהיות על אותו גל זה מאנגלית be on the same page\n\n⬆️ обычно имеется в виду какой-то конкретный вопрос, по которому вы с кем-то согласны\n\nלהיות באותו ראש - быть на одной волне, более общее понятие"
    }
   ]
  },
  {
   "id": 231,
   "type": "message",
   "date": "2021-11-01T11:39:01",
   "date_unixtime": "1635759541",
   "from": "Ali",
   "from_id": "user254335708",
   "reply_to_message_id": 228,
   "text": "נכון",
   "text_entities": [
    {
     "type": "plain",
     "text": "נכון"
    }
   ]
  },
  {
   "id": 232,
   "type": "message",
   "date": "2021-11-01T11:39:46",
   "date_unixtime": "1635759586",
   "from": "Ali",
   "from_id": "user254335708",
   "reply_to_message_id": 225,
   "text": "יש הבדל בין לצחוק מ- ולצחוק על?",
   "text_entities": [
    {
     "type": "plain",
     "text": "יש הבדל בין לצחוק מ- ולצחוק על?"
    }
   ]
  },
  {
   "id": 233,
   "type": "message",
   "date": "2021-11-01T11:41:34",
   "date_unixtime": "1635759694",
   "from": "ELENA Ivanov",
   "from_id": "user859352204",
   "reply_to_message_id": 232,
   "text": "Смеяться над этими шутками,но кажется что смысл был в другом, смеяться над одними и теми же шутками",
   "text_entities": [
    {
     "type": "plain",
     "text": "Смеяться над этими шутками,но кажется что смысл был в другом, смеяться над одними и теми же шутками"
    }
   ]
  },
  {
   "id": 234,
   "type": "message",
   "date": "2021-11-01T11:45:54",
   "date_unixtime": "1635759954",
   "from": "Alona",
   "from_id": "user1519857270",
   "text": "Как сказать:\n\"Готов пойти в разведку\" в вопросе доверия",
   "text_entities": [
    {
     "type": "plain",
     "text": "Как сказать:\n\"Готов пойти в разведку\" в вопросе доверия"
    }
   ]
  },
  {
   "id": 235,
   "type": "message",
   "date": "2021-11-01T11:58:02",
   "date_unixtime": "1635760682",
   "from": "Ali",
   "from_id": "user254335708",
   "reply_to_message_id": 234,
   "text": "אין תרגום מדויק. הכי קרוב שאני יכולה לחשוב עליו זה \"באש ובמים\" \\ \"לסמוך בכל דבר\"",
   "text_entities": [
    {
     "type": "plain",
     "text": "אין תרגום מדויק. הכי קרוב שאני יכולה לחשוב עליו זה \"באש ובמים\" \\ \"לסמוך בכל דבר\""
    }
   ]
  },
  {
   "id": 236,
   "type": "message",
   "date": "2021-11-01T11:58:38",
   "date_unixtime": "1635760718",
   "from": "Alona",
   "from_id": "user1519857270",
   "text": "תודה",
   "text_entities": [
    {
     "type": "plain",
     "text": "תודה"
    }
   ]
  },
  {
   "id": 237,
   "type": "message",
   "date": "2021-11-01T11:59:23",
   "date_unixtime": "1635760763",
   "from": "Ali",
   "from_id": "user254335708",
   "reply_to_message_id": 233,
   "text": "Вопрос, есть ли здесь  разница по смыслу между предлогами מ и על",
   "text_entities": [
    {
     "type": "plain",
     "text": "Вопрос, есть ли здесь  разница по смыслу между предлогами מ и על"
    }
   ]
  },
  {
   "id": 238,
   "type": "message",
   "date": "2021-11-01T11:59:55",
   "date_unixtime": "1635760795",
   "from": "Yulia",
   "from_id": "user400676110",
   "text": "Наверное есть. Типа смеяться аль это в плохом смысле наверное",
   "text_entities": [
    {
     "type": "plain",
     "text": "Наверное есть. Типа смеяться аль это в плохом смысле наверное"
    }
   ]
  },
  {
   "id": 239,
   "type": "message",
   "date": "2021-11-01T12:02:51",
   "date_unixtime": "1635760971",
   "from": "Alona",
   "from_id": "user1519857270",
   "text": "לצחוק על עצמך ,ולצחוק מהלב",
   "text_entities": [
    {
     "type": "plain",
     "text": "לצחוק על עצמך ,ולצחוק מהלב"
    }
   ]
  },
  {
   "id": 240,
   "type": "message",
   "date": "2021-11-01T12:04:13",
   "date_unixtime": "1635761053",
   "from": "Ali",
   "from_id": "user254335708",
   "text": "לצחוק על - смеяться над \\ шутить",
   "text_entities": [
    {
     "type": "plain",
     "text": "לצחוק על - смеяться над \\ шутить"
    }
   ]
  },
  {
   "id": 241,
   "type": "message",
   "date": "2021-11-01T12:05:15",
   "date_unixtime": "1635761115",
   "from": "Ali",
   "from_id": "user254335708",
   "text": "אל תצחק עלי - не смейся надо мной( в смысле, не подшучивай надо мной)",
   "text_entities": [
    {
     "type": "plain",
     "text": "אל תצחק עלי - не смейся надо мной( в смысле, не подшучивай надо мной)"
    }
   ]
  }
]